kelime,benzer_kelime,benzerlik_orani
bütçe,yatırım,0.25290459394454956
bütçe,malzeme,0.13725271821022034
bütçe,ödenek,0.04410674050450325
harcama,yatırım,0.15016479790210724
harcama,altyapı,0.12813493609428406
harcama,ulaşım,0.09309782832860947
yatırım,bütçe,0.2529045641422272
yatırım,ihale,0.17016097903251648
yatırım,harcama,0.15016482770442963
eğitim,ihale,0.17275232076644897
eğitim,ödenek,0.16694682836532593
eğitim,hizmet,0.11117952316999435
